原文,情感得分,情感倾向
统一回复一下，地址：连云港海州区巨龙南路与文昌路交叉口西北220米（创意716文化街区）。店名：有幸小食院,0,中性
其他没资格评论，虎虾海鲜饭应该是西班牙海鲜烩饭的做法，大米必须是夹生的。因为十年前沈阳最火的西班牙海鲜烩饭的餐厅是我开的。,0,中性
麦奇好吃，汉堡类,1,正面
要环境有环境，要菜品有环境,0,中性
23年4月去的，当下就觉得 不会去第二次,0,中性
用心也难吃的要死，小红书一顿攻略,-2,负面
太冷了，真的,-1,负面
23年刚开那会去了两次，吃着不错。,1,正面
终于有人说了 他家是我吃过最难吃的还一堆人夸,-1,负面
？我纪念日在他家过的，我和我男朋友吃过一次念念不忘，炸鸡和卷卷薯算正常好吃，牛肉汉堡也不错，海鲜意面可以给到人上人，做出了虾黄的鲜味。最夯的是他家这个芒果熏鸡沙拉，鸡的烟熏味做出来了，又和芒果果香中和的特别好，这沙拉第一口给我吃懵逼了都，一股芒果清香特别好吃。只能说众口难调，但我属于很挑食的人，我都觉得好吃。也可能是因为我去那天人少，厨师做的比较用心（我是25年9月去的）,4,正面
我感觉什么肉食者还可以 就是不明白为啥要配个华夫饼,0,中性
一个人去吃能推荐三道top菜吗想试试,1,正面
反复吃了几次，然而除了无花果雪冰其他都觉得没有印象点,0,中性
上次和闺蜜吃了 只能说排了3个多小时 的出一个结论 和谁有仇带她去吃,0,中性
这几道菜一共多少钱呀,0,中性
之前吃过一道菠萝牛肉 很好吃 但是等了很久很久,1,正面
我也感觉其实没有很好吃诶 就是很普通的料理的感觉 当时去的时候巨多人排队！,1,正面
想吃,1,正面
荔枝餐厅有姐妹吃过没好吃吗感觉还挺适合拍照的,-1,负面
乐食去年闭店了想念他家的卤肉饭,0,中性
宝宝你大概几点去的呀，明天计划去这个餐厅，但是害怕夏天排队很久,0,中性
图5是哪呀，看着好香,0,中性
博主好会吃，please多发爱看,0,中性
p8、p9叫啥呀宝宝,0,中性
 想吃漂亮饭，为什么你来之前我没刷到,1,正面
挨个去吃,0,中性
来不及了哈哈哈,0,中性
好可爱,1,正面
码住码住！,0,中性
来了来了！,0,中性
我要一一码住！等二月去吃,0,中性
明天就去吃，不好吃来骂人[坏笑R],-1,负面
这才叫don,0,中性
一碗多少啊,0,中性
去香港吃这个 很好吃,1,正面
两个男生去吃了400多,0,中性
真的挺好吃的，就是其实店面非常普通有点小土，方的过往更是有点。。但是好吃的,1,正面
胖明也可以,0,中性
我明天就去试试！,0,中性
我在等位中！！！,0,中性
码,0,中性
看饿了,0,中性
用什么拍的,0,中性
这好特别！,0,中性
码住 不好吃会回来骂人的,-1,负面
吃过了，一般般，价格不贵也不便宜，中规中矩,0,中性
好远,0,中性
他家的一口饭感觉好油,0,中性
寿司有点像昊来了,0,中性
😮我居然刷到了五个月前的帖子,0,中性
想吃[呃R],1,正面
看着也太诱人了周末就去吃,0,中性
三文鱼波奇饭多少钱？,0,中性
他家鹅肝寿司挺好吃的 就是椅子有点高 位子也不大,0,中性
绝望地看成三送饭了、,0,中性
去吃了 好看是好看 也是好吃 只不过吃不习惯,3,正面
好吃 已经充卡了 下次再去一次,1,正面
最爱鹅肝饭,1,正面
@Cerled 又馋鹅肝了,0,中性
品质怎么样 不是冷冻的口感吧,0,中性
鹅肝饭太诱人了,0,中性
吃这个？,0,中性
我好想吃呀。。。,1,正面
 感觉好好吃下次来深圳要不要爽一把,1,正面
你感觉怎么样,0,中性
又是司本。,0,中性
想吃这个,1,正面
 哇,0,中性
我们也去,0,中性
我要吃,0,中性
想吃,1,正面
我想吃,1,正面
有点想吃,1,正面
这个滤镜太重了,0,中性
 我觉得你爱吃,1,正面
 感觉有点好吃,1,正面
我想吃,1,正面
有多好吃？,1,正面
竟然刷到了,0,中性
蹲个点地址有吗,0,中性
真的真的好吃[心心眼R],1,正面
下次再去一次。。。,0,中性
能不能成为你的第四碗,0,中性
感觉你会喜欢,1,正面
冲冲冲,0,中性
太美啦,0,中性
开店其实很简单，只要到处评论，别人就知道我是做什么的了😏,0,中性
明天试试吗鹅肝宝宝,0,中性
 想吃,1,正面
 饿饿饿,0,中性
看着不错；留个地址吧,1,正面
 我好想吃,1,正面
可以问下滤镜怎么调的吗好好看,0,中性
看起来又贵又香,0,中性
不好吃一起回来骂,-1,负面
我想吃这家,1,正面
我得吃,0,中性
想吃,1,正面
这个看着挺好吃我请你,0,中性
 这个看上去蛮好吃,1,正面
看完这篇文章，瞬间感受到了深圳人的热情和美食的魅力！三碗饭，每一口都是满满的故事和回忆啊！🌈🌟,0,中性
这家我也去过，不错。,1,正面
 想吃鹅肝饭,1,正面
刷到好几次啦 有空一定要试试嘿嘿,0,中性
好想吃可是怀了,1,正面
Mark下 我也去试试,0,中性
先留个评论,0,中性
我之前说想吃的是这家[完啦R],1,正面
Mark,0,中性
看来又要去一次了 ,0,中性
蹲,0,中性
信你一次,0,中性
这个人均性价比超高了,0,中性
想吃这个,1,正面
怎麼拜神這種擺盤風格也傳染到深圳來了[呃R]北京上海的ip不懂你也不懂嗎,0,中性
密码的我要吃鹅肝饭@JAAAA,0,中性
有本事开来龙岗,0,中性
这个系列会持续更新！！也会分享上海更多好吃好玩反手就是一个gz～@小柴迷了  收藏夹都替你们分类好啦！！,1,正面
我感觉蛮好吃的 确实有难吃（吃不来）的菜  但有几个菜还蛮好吃的,1,正面
这是什么餐厅，名字叫什么,0,中性
叫什么名字,0,中性
请问名字,0,中性
谁去和我一起分个手呢,0,中性
哇这个叫什么,0,中性
你拍的好好！,0,中性
请问是哪家呀,0,中性
贵吗,-1,负面
叫什么捏,0,中性
mmhhm,0,中性
这家消费人均多少呀,0,中性
叫什么,0,中性
要不是我吃过,0,中性
这个消费贵不贵？,0,中性
这个珍珠多少钱呀,0,中性
现在去吃有这套餐吗,0,中性
多少钱呀,0,中性
已经倒闭了？,0,中性
刷到打开大众点评搜发现歇业关闭了,-1,负面
人均多少,0,中性
吃个外表,0,中性
老公我要去这个,0,中性
 妈嘟的我要吃,0,中性
有点好看诶,1,正面
老公我想去这个,0,中性
 想和我老公一起去约会！！！,0,中性
妈呀,0,中性
人均多少钱啊,0,中性
跟我分个手,0,中性
分手我要吃这个,0,中性
   下次来这里分手！,0,中性
 好看但感觉不好吃（）,0,中性
懂了，下次来这吵架,0,中性
下次去吃,0,中性
 带我去,0,中性
 好漂亮,1,正面
这好漂亮,1,正面
好漂亮我晕,1,正面
 漂亮饭！！,0,中性
还有这个这个！好好吃，还好可爱才几块钱,2,正面
wkkkk！女大学生在此，超爱吃泰国菜！！等我明天去测评一下,0,中性
常德好像也有，是一家吗,0,中性
收烂钱了，真的一般,-1,负面
吃到了吃到了！！！好好吃啊！！！,1,正面
画好的图,0,中性
蹲11.10.11.11搭子,0,中性
这个甜品看着就好好吃,1,正面
现在离开长沙给我整这个？几天在长沙不推荐？要不然早吃了 省的饿肚子,-2,负面
问问价格怎么样呀？,0,中性
画好的图,0,中性
这个看起来好看但是好像不怎么好吃,2,正面
麦如真的是吃了几年都吃不腻的店了,0,中性
漂亮饭！,0,中性
隔壁小森家的 也好吃,1,正面
daydream旁边就是那家很火的网红小馆小森食堂，但是他俩的招牌菜单一样哎，上次跟朋友没排到小森就去隔壁了，确实还不错,2,正面
后湖的什么先森 超好吃！,1,正面
漂亮饭@365夜故事,0,中性
北辰三角洲的漂亮饭,0,中性
漂亮饭,0,中性
第一家后湖的吃过啦真的好好吃,1,正面
 想吃,1,正面
蹲个价格侠,0,中性
这几家店 哪家拍照更出片一点啊,1,正面
避雷第六家乐刻时，服务态度差，吃完直接就窜了，直犯恶心,-4,负面
漂亮饭！,0,中性
价格怎么样,0,中性
 明天想去呀吃美味漂亮🍚,2,正面
漂亮饭,0,中性
看这个漂亮饭，就是有点远,0,中性
@困困困了 我们是不是去过第一家！,0,中性
乐刻时真的好吃，吃了几次了，我朋友生日都是在那里过的,1,正面
漂亮饭,0,中性
每个都想吃,1,正面
漂亮的饭,1,正面
好有食欲好有氛围感,2,正面
你简直就是长沙活地图啊～老是能在长沙找到很多宝藏地方，我先关注，怕下次找不到了,1,正面
48一份你管它叫穷鬼饭这个价位在长沙很难开下去,0,中性
是这个吗,0,中性
博主有没有好的酒店推荐啊,1,正面
 我靠,0,中性
我想去吃这个,0,中性
找半天找不到店名…,0,中性
位置在哪里啊,0,中性
这个在长沙哪里啊！！！叫什么名字店名求求了,0,中性
这个在哪里呀,0,中性
在哪,0,中性
求指路,0,中性
均价多少啊,0,中性
@22 我也好想吃,1,正面
这个店在哪 什么时候打烊,0,中性
好吃吗,1,正面
在哪啊,0,中性
这家叫什么呀,0,中性
这是哪里啊,0,中性
 那个蓝色的和芭菲杯看起来好好吃哦,1,正面
好漂亮,1,正面
好贵这个,-1,负面
你们俩,0,中性
有没有地址,0,中性
多少钱两人份,0,中性
店地址在哪,0,中性
贵死啦,-1,负面
这个这个这个是我最爱吃的白人饭,1,正面
哈哈哈,0,中性
这个在北城三角洲那边,0,中性
哪个家店呢,0,中性
人均多少啊,0,中性
地址,0,中性
这个店在哪里,0,中性
马上来,0,中性
近几年很爱的一家西餐小酒馆 每次来都能碰到很多外国人 可能是同样喜欢这种氛围和餐品 Tapas拼盘、意面、甜虾薄片做的都很漂亮☺️ 还有专业的侍酒师讲解葡萄酒🥂 真的是在青岛吃到的很舒服的一餐了~ ,2,正面
姐妹！那个牛舌！也嘎嘎好吃特别嫩的那种！！！,3,正面
看了好久评论也没说店名叫啥求求啊～告诉孩子吧～急死了,0,中性
这看起来比那家鹅肝好吃,1,正面
好美,1,正面
颜值高到舍不得吃 青岛要不要安排上,0,中性
这家是歇业了吗[呃R]我刚回国想去吃,-1,负面
现在开门了吗,0,中性
人均多少呀,0,中性
妈妈我想吃这个,1,正面
姐妹 可以说一下你点了什么嘛,0,中性
心动 看到价格心又停了,1,正面
哇塞,1,正面
好好看啊,0,中性
！我刚从青岛回成都就给我推这个！,0,中性
好看到想去青岛旅游了,0,中性
好漂亮的饭饭,1,正面
第一道好美,1,正面
 肘,0,中性
真的很好看！,1,正面
中午营业吗,0,中性
去过这家 点了意面好吃不过热红酒喝不太习惯,1,正面
我来了，现在然后他关门了，他这个还有时间啥时候开业吗？,-1,负面
 哇塞！,1,正面
想吃,1,正面
我们去啊啊啊啊啊啊啊啊啊,0,中性
